{
  "model_name": "logistic_regression",
  "precision": 0.9341317365269461,
  "recall": 1.0,
  "f1": 0.9659442724458205,
  "pr_auc": 0.9856446677525922,
  "roc_auc": 0.9998863077032284,
  "threshold": 0.7041454484423215,
  "total_cost": 1100.0,
  "confusion_matrix": [
    [
      32849,
      22
    ],
    [
      0,
      312
    ]
  ],
  "cv_pr_auc_mean": 0.8772389999425263,
  "cv_pr_auc_std": 0.030676033022981247
}