strategy,pr_auc,precision,recall,f1,training_time_seconds,threshold,total_cost
class_weight,1.0,1.0,1.0,1.0,1.1062280000005558,0.9453582167625427,0.0
smote,0.9999999999999999,1.0,1.0,1.0,4.684213900000032,0.5484877824783325,0.0
undersample,0.9999693123238568,0.9936305732484076,1.0,0.9968051118210862,0.12682889999996405,0.8479865789413452,100.0
smote_enn,0.999918728716197,0.9873417721518988,1.0,0.9936305732484076,51.77023999999983,0.4437708854675293,200.0
